LED #,LED PWM (%),LED current (%),Duration (s)
4,100,100.0,0
3,100,100.0,0
2,100,100.0,0
4,100,49.754153402308006,0
3,100,44.853365384615394,0
2,100,39.32044699486559,0
4,100,25.75887670636073,0
3,100,22.56883828800338,0
2,100,18.73108157991879,0
4,100,14.135109208972848,0
3,100,12.303435114503815,0
2,100,9.96620590230665,0
4,100,8.459880407955866,0
3,100,7.026270604395605,0
2,100,6.2095061188811185,0
4,100,5.614261160714285,0
3,100,4.38877688172043,0
2,100,4.618199190647482,0
4,100,4.171240348726581,0
3,100,3.7297623005319154,0
2,100,3.4622907366071427,0
4,100,3.317478048390356,0
3,100,3.1929882812499994,0
2,100,3.2592180524553567,0
