LED,Rh,MW,SW
Red,2.724375e+02,4.605213e+03,8.268277e-02
Green,8.172115e+03,1.514727e+04,1.391625e+01
Blue,1.806846e+04,1.017053e+04,1.604295e+04
