,Red,Green,Blue
LW,3.522280e-05,-3.404149e-05,7.733324e-06
MW,-1.788852e-05,8.012782e-05,-3.786260e-05
SW,1.533563e-08,-6.933039e-08,6.236546e-05
